words,itemnum,condition,word01,word02,word03,word04,word05,word06,word07,word08,word09,word10,word11,word12,word13,word14,word15,word16,group,critical_word,critical_word_pos,Sentence,RemovalType,WordsKept,WordsRemoved,ListNumber,Code
They suspected there was something wrong with the air outside the building.,2,LC,They,suspected,there,was,something,wrong,with,the,air,outside,the,building.,,,,,176,air,9,They suspected there was something wrong with the,1,8,4,7,LC2R1
The soldier decided to quit the army after school.,3,HC,The,soldier,decided,to,quit,the,army,after,school.,,,,,,,,210,army,7,The soldier decided to quit the army after,3,8,1,7,HC3R3
"Even though she's blind, she appreciates many types of art from the past.",7,MC,Even,though,she's,"blind,",she,appreciates,many,types,of,art,from,the,past.,,,,166,art,10,"Even though she's blind, she appreciates many types of art",2,10,3,7,MC7R2
They stored all of the Halloween decorations up in the attic at home.,9,HC,They,stored,all,of,the,Halloween,decorations,up,in,the,attic,at,home.,,,,171,attic,11,They stored all of the Halloween decorations up in the,1,10,3,7,HC9R1
The man walked into the forest carrying his axe that looked intimidating.,13,MC,The,man,walked,into,the,forest,carrying,his,axe,that,looked,intimidating.,,,,,24,axe,9,The man walked into the forest carrying his axe that,3,10,2,7,MC13R3
The girl was extremely excited that she was going to learn ballet from an expert.,17,LC,The,girl,was,extremely,excited,that,she,was,going,to,learn,ballet,from,an,expert.,,57,ballet,12,The girl was extremely excited that she was going to learn ballet,2,12,3,7,LC17R2
"It was her birthday, so he bought the red balloon for the child.",19,MC,It,was,her,"birthday,",so,he,bought,the,red,balloon,for,the,child.,,,,59,balloon,10,"It was her birthday, so he bought the red",1,9,4,7,MC19R1
My picky younger brother refused to eat the banana at breakfast.,23,LC,My,picky,younger,brother,refused,to,eat,the,banana,at,breakfast.,,,,,,206,banana,9,My picky younger brother refused to eat the banana at,3,10,1,7,LC23R3
"Jenna loved playing the guitar, so she decided to join the band that she admired.",24,HC,Jenna,loved,playing,the,"guitar,",so,she,decided,to,join,the,band,that,she,admired.,,135,band,12,"Jenna loved playing the guitar, so she decided to join the band",2,12,3,7,HC24R2
They knew that Harry kept her awake by barking through the night.,29,LC,They,knew,that,Harry,kept,her,awake,by,barking,through,the,night.,,,,,51,barking,9,They knew that Harry kept her awake by,1,8,4,7,LC29R1
"Instead of a shower, she decided to take a bath at home.",30,HC,Instead,of,a,"shower,",she,decided,to,take,a,bath,at,home.,,,,,37,bath,10,"Instead of a shower, she decided to take a bath at",3,11,1,7,HC30R3
The bald eagle was trying to attack the hunters using its beak and claws.,34,MC,The,bald,eagle,was,trying,to,attack,the,hunters,using,its,beak,and,claws.,,,152,beak,12,The bald eagle was trying to attack the hunters using its beak,2,12,2,7,MC34R2
I asked the maid to change the sheets on the bed in the guestroom.,36,HC,I,asked,the,maid,to,change,the,sheets,on,the,bed,in,the,guestroom.,,,100,bed,11,I asked the maid to change the sheets on the,1,10,4,7,HC36R1
She is deathly allergic to those types of bees in the yard.,40,MC,She,is,deathly,allergic,to,those,types,of,bees,in,the,yard.,,,,,195,bees,9,She is deathly allergic to those types of bees in,3,10,2,7,MC40R3
"To prepare the next sample, you should add a little bleach to the water.",44,LC,To,prepare,the,next,"sample,",you,should,add,a,little,bleach,to,the,water.,,,89,bleach,11,"To prepare the next sample, you should add a little bleach",2,11,3,7,LC44R2
The cafeteria in the prison was covered in blood from the killings.,46,MC,The,cafeteria,in,the,prison,was,covered,in,blood,from,the,killings.,,,,,217,blood,9,The cafeteria in the prison was covered in,1,8,4,7,MC46R1
We started watering the yard because the plants had begun to bloom out back.,50,LC,We,started,watering,the,yard,because,the,plants,had,begun,to,bloom,out,back.,,,175,bloom,12,We started watering the yard because the plants had begun to bloom out,3,13,1,7,LC50R3
"Following his orders, the terrorist threatened to drop the bomb made of TNT.",51,HC,Following,his,"orders,",the,terrorist,threatened,to,drop,the,bomb,made,of,TNT.,,,,65,bomb,10,"Following his orders, the terrorist threatened to drop the bomb",2,10,3,7,HC51R2
The landlord who lived downstairs bought a new book at the bookstore.,56,LC,The,landlord,who,lived,downstairs,bought,a,new,book,at,the,bookstore.,,,,,75,book,9,The landlord who lived downstairs bought a new,1,8,4,7,LC56R1
The immigrant left Mexico and tried to cross the border into Texas.,57,HC,The,immigrant,left,Mexico,and,tried,to,cross,the,border,into,Texas.,,,,,151,border,10,The immigrant left Mexico and tried to cross the border into,3,11,1,7,HC57R3
"He visited the museum, and he thought it was boring and dull.",61,MC,He,visited,the,"museum,",and,he,thought,it,was,boring,and,dull.,,,,,102,boring,10,"He visited the museum, and he thought it was boring",2,10,2,7,MC61R2
The archer pulled back the string of his bow and fired.,63,HC,The,archer,pulled,back,the,string,of,his,bow,and,fired.,,,,,,162,bow,9,The archer pulled back the string of his,1,8,3,7,HC63R1
The waiter accidentally dropped her spoon and her bowl at breakfast time.,67,MC,The,waiter,accidentally,dropped,her,spoon,and,her,bowl,at,breakfast,time.,,,,,39,bowl,9,The waiter accidentally dropped her spoon and her bowl at,3,10,2,7,MC67R3
We were surprised when Maria stepped on the brake all of a sudden.,71,LC,We,were,surprised,when,Maria,stepped,on,the,brake,all,of,a,sudden.,,,,16,brake,9,We were surprised when Maria stepped on the brake,2,9,4,7,LC71R2
Laurence needed some advice before baking his own bread from scratch.,73,MC,Laurence,needed,some,advice,before,baking,his,own,bread,from,scratch.,,,,,,11,bread,9,Laurence needed some advice before baking his own,1,8,3,7,MC73R1
They needed some land to build their own small business in Wichita.,77,LC,They,needed,some,land,to,build,their,own,small,business,in,Wichita.,,,,,105,business,10,They needed some land to build their own small business in,3,11,1,7,LC77R3
The birthday boy didn't want frosting on his slice of cake after all.,78,HC,The,birthday,boy,didn't,want,frosting,on,his,slice,of,cake,after,all.,,,,20,cake,11,The birthday boy didn't want frosting on his slice of cake,2,11,2,7,HC78R2
Bill went to check on the brown calf in the barn.,83,LC,Bill,went,to,check,on,the,brown,calf,in,the,barn.,,,,,,157,calf,8,Bill went to check on the brown,1,7,4,7,LC83R1
The boy scouts hurried back to set up camp after the storm lifted.,84,HC,The,boy,scouts,hurried,back,to,set,up,camp,after,the,storm,lifted.,,,,98,camp,9,The boy scouts hurried back to set up camp after,3,10,3,7,HC84R3
"While touring the factory, Bill sampled several pieces of candy with nuts.",88,MC,While,touring,the,"factory,",Bill,sampled,several,pieces,of,candy,with,nuts.,,,,,158,candy,10,"While touring the factory, Bill sampled several pieces of candy",2,10,2,7,MC88R2
The cashier asked the customer to swipe his card once again.,90,HC,The,cashier,asked,the,customer,to,swipe,his,card,once,again.,,,,,,107,card,9,The cashier asked the customer to swipe his,1,8,3,7,HC90R1
The cook was chopping up the parsley and a carrot that looked wilted.,94,MC,The,cook,was,chopping,up,the,parsley,and,a,carrot,that,looked,wilted.,,,,55,carrot,10,The cook was chopping up the parsley and a carrot that,3,11,2,7,MC94R3
"At work, the assistant needed to find the cart near the tall shelves.",98,LC,At,"work,",the,assistant,needed,to,find,the,cart,near,the,tall,shelves.,,,,30,cart,9,"At work, the assistant needed to find the cart",2,9,4,7,LC98R2
The biologist knew that there were bears living in the cave in the woods.,100,MC,The,biologist,knew,that,there,were,bears,living,in,the,cave,in,the,woods.,,,79,cave,11,The biologist knew that there were bears living in the,1,10,4,7,MC100R1
"In his textbook, there's a drawing of a cell in a living organism.",104,LC,In,his,"textbook,",there's,a,drawing,of,a,cell,in,a,living,organism.,,,,144,cell,9,"In his textbook, there's a drawing of a cell in",3,10,3,7,LC104R3
The teacher walked up to the board and grabbed a piece of chalk at home.,105,HC,The,teacher,walked,up,to,the,board,and,grabbed,a,piece,of,chalk,at,home.,,196,chalk,13,The teacher walked up to the board and grabbed a piece of chalk,2,13,2,7,HC105R2
They were learning another important rule of chess at Victor's house.,110,LC,They,were,learning,another,important,rule,of,chess,at,Victor's,house.,,,,,,213,chess,8,They were learning another important rule of,1,7,4,7,LC110R1
Santa lands on the roof and comes down through the chimney of the house.,111,HC,Santa,lands,on,the,roof,and,comes,down,through,the,chimney,of,the,house.,,,106,chimney,11,Santa lands on the roof and comes down through the chimney of,3,12,2,7,HC111R3
"Every Easter, they heard the church choir in the evening.",115,MC,Every,"Easter,",they,heard,the,church,choir,in,the,evening.,,,,,,,194,choir,7,"Every Easter, they heard the church choir",2,7,3,7,MC115R2
"At storytime, the preschoolers have to sit in a circle on the rug.",117,HC,At,"storytime,",the,preschoolers,have,to,sit,in,a,circle,on,the,rug.,,,,47,circle,10,"At storytime, the preschoolers have to sit in a",1,9,4,7,HC117R1
"In the den, they replaced the battery in the old clock on the wall.",121,MC,In,the,"den,",they,replaced,the,battery,in,the,old,clock,on,the,wall.,,,35,clock,11,"In the den, they replaced the battery in the old clock on",3,12,2,7,MC121R3
The biologist used the microscope to see inside of the cocoon made of silk.,125,LC,The,biologist,used,the,microscope,to,see,inside,of,the,cocoon,made,of,silk.,,,25,cocoon,11,The biologist used the microscope to see inside of the cocoon,2,11,3,7,LC125R2
The customer left without finishing his last sip of coffee at the restaurant.,127,MC,The,customer,left,without,finishing,his,last,sip,of,coffee,at,the,restaurant.,,,,123,coffee,10,The customer left without finishing his last sip of,1,9,4,7,MC127R1
"He was carrying so much stuff in his hands, he dropped the coin in Dallas.",131,LC,He,was,carrying,so,much,stuff,in,his,"hands,",he,dropped,the,coin,in,Dallas.,,190,coin,13,"He was carrying so much stuff in his hands, he dropped the coin in",3,14,1,7,LC131R3
The boy scout navigated using a map and a compass in his bag.,132,HC,The,boy,scout,navigated,using,a,map,and,a,compass,in,his,bag.,,,,173,compass,10,The boy scout navigated using a map and a compass,2,10,3,7,HC132R2
"Before painting, the contractors laid down a tarp on the couch in the den.",137,LC,Before,"painting,",the,contractors,laid,down,a,tarp,on,the,couch,in,the,den.,,,5,couch,11,"Before painting, the contractors laid down a tarp on the",1,10,4,7,LC137R1
Eric sued the taxi driver and took him to court On Tuesday.,138,HC,Eric,sued,the,taxi,driver,and,took,him,to,court,On,Tuesday.,,,,,203,court,10,Eric sued the taxi driver and took him to court On,3,11,1,7,HC138R3
The nuns were praying beside the wooden cross made of oak.,142,MC,The,nuns,were,praying,beside,the,wooden,cross,made,of,oak.,,,,,,169,cross,8,The nuns were praying beside the wooden cross,2,8,3,7,MC142R2
"On the queen's head, the priest placed a golden crown with bright jewels.",144,HC,On,the,queen's,"head,",the,priest,placed,a,golden,crown,with,bright,jewels.,,,,209,crown,10,"On the queen's head, the priest placed a golden",1,9,4,7,HC144R1
This danger is real and there is no known cure for it.,148,MC,This,danger,is,real,and,there,is,no,known,cure,for,it.,,,,,14,cure,10,This danger is real and there is no known cure for,3,11,1,7,MC148R3
The young students learned some interesting facts about the desert in Algeria.,152,LC,The,young,students,learned,some,interesting,facts,about,the,desert,in,Algeria.,,,,,99,desert,10,The young students learned some interesting facts about the desert,2,10,2,7,LC152R2
My friend always kept a large bag of chocolate bars in his desk near the window.,154,MC,My,friend,always,kept,a,large,bag,of,chocolate,bars,in,his,desk,near,the,window.,97,desk,13,My friend always kept a large bag of chocolate bars in his,1,12,4,7,MC154R1
"Before leaving the maternity ward, someone checked the baby's diaper for accidents.",158,LC,Before,leaving,the,maternity,"ward,",someone,checked,the,baby's,diaper,for,accidents.,,,,,177,diaper,10,"Before leaving the maternity ward, someone checked the baby's diaper for",3,11,1,7,LC158R3
"To take her turn at Monopoly, Helen rolled both of the dice last night.",159,HC,To,take,her,turn,at,"Monopoly,",Helen,rolled,both,of,the,dice,last,night.,,,126,dice,12,"To take her turn at Monopoly, Helen rolled both of the dice",2,12,2,7,HC159R2
She had to be interviewed by the lawyer and the doctor at the clinic.,164,LC,She,had,to,be,interviewed,by,the,lawyer,and,the,doctor,at,the,clinic.,,,133,doctor,11,She had to be interviewed by the lawyer and the,1,10,4,7,LC164R1
The bird typically used to symbolize peace is a white dove with outstretched wings.,165,HC,The,bird,typically,used,to,symbolize,peace,is,a,white,dove,with,outstretched,wings.,,,180,dove,11,The bird typically used to symbolize peace is a white dove with,3,12,2,7,HC165R3
"In her bedroom, she was looking for her black dress with sequins.",169,MC,In,her,"bedroom,",she,was,looking,for,her,black,dress,with,sequins.,,,,,128,dress,10,"In her bedroom, she was looking for her black dress",2,10,2,7,MC169R2
He was very thirsty and needed something to drink at the bar.,171,HC,He,was,very,thirsty,and,needed,something,to,drink,at,the,bar.,,,,,153,drink,9,He was very thirsty and needed something to,1,8,4,7,HC171R1
They mortgaged all their land after last year's drought in California.,175,MC,They,mortgaged,all,their,land,after,last,year's,drought,in,California.,,,,,,8,drought,9,They mortgaged all their land after last year's drought in,3,10,1,7,MC175R3
The driver was waiting for the car to dry behind the barn.,179,LC,The,driver,was,waiting,for,the,car,to,dry,behind,the,barn.,,,,,96,dry,9,The driver was waiting for the car to dry,2,9,3,7,LC179R2
"The premiere was starting, and she had nothing to eat while she waited.",181,MC,The,premiere,was,"starting,",and,she,had,nothing,to,eat,while,she,waited.,,,,36,eat,10,"The premiere was starting, and she had nothing to",1,9,4,7,MC181R1
The girl was planning to buy some more eggs after sunrise.,185,LC,The,girl,was,planning,to,buy,some,more,eggs,after,sunrise.,,,,,,147,eggs,9,The girl was planning to buy some more eggs after,3,10,1,7,LC185R3
The senator campaigned in order to win the election that was weeks away.,186,HC,The,senator,campaigned,in,order,to,win,the,election,that,was,weeks,away.,,,,83,election,9,The senator campaigned in order to win the election,2,9,4,7,HC186R2
Timmy wanted to hear another bedtime story about the elves on Christmas Eve.,191,LC,Timmy,wanted,to,hear,another,bedtime,story,about,the,elves,on,Christmas,Eve.,,,,197,elves,10,Timmy wanted to hear another bedtime story about the,1,9,4,7,LC191R1
"Melissa was crying, and we saw tears in her eyes which were bright blue.",192,HC,Melissa,was,"crying,",and,we,saw,tears,in,her,eyes,which,were,bright,blue.,,,10,eyes,10,"Melissa was crying, and we saw tears in her eyes which",3,11,3,7,HC192R3
My uncle planted lots of trees on his farm in Pennsylvania.,196,MC,My,uncle,planted,lots,of,trees,on,his,farm,in,Pennsylvania.,,,,,,66,farm,9,My uncle planted lots of trees on his farm,2,9,2,7,MC196R2
"Because he loved to work the land, Jim became a farmer in his hometown.",198,HC,Because,he,loved,to,work,the,"land,",Jim,became,a,farmer,in,his,hometown.,,,149,farmer,11,"Because he loved to work the land, Jim became a",1,10,4,7,HC198R1
All the books were stacked on the floor because the boss insisted.,202,MC,All,the,books,were,stacked,on,the,floor,because,the,boss,insisted.,,,,,32,floor,8,All the books were stacked on the floor because,3,9,3,7,MC202R3
"At the end of the day, her clothes were covered with flour from the store.",206,LC,At,the,end,of,the,"day,",her,clothes,were,covered,with,flour,from,the,store.,,146,flour,12,"At the end of the day, her clothes were covered with flour",2,12,3,7,LC206R2
"As an anniversary gift, she received a rare kind of flower according to Alan.",208,MC,As,an,anniversary,"gift,",she,received,a,rare,kind,of,flower,according,to,Alan.,,,185,flower,11,"As an anniversary gift, she received a rare kind of",1,10,4,7,MC208R1
"When he dropped the new toy, it could no longer fly or move around.",212,LC,When,he,dropped,the,new,"toy,",it,could,no,longer,fly,or,move,around.,,,172,fly,11,"When he dropped the new toy, it could no longer fly or",3,12,2,7,LC212R3
"The editor, who hates Times New Roman, decided to switch the font of the magazine.",213,HC,The,"editor,",who,hates,Times,New,"Roman,",decided,to,switch,the,font,of,the,magazine.,,181,font,12,"The editor, who hates Times New Roman, decided to switch the font",2,12,3,7,HC213R2
"While she was shopping yesterday, she bought an elegant frame made of silver.",218,LC,While,she,was,shopping,"yesterday,",she,bought,an,elegant,frame,made,of,silver.,,,,150,frame,10,"While she was shopping yesterday, she bought an elegant",1,9,4,7,LC218R1
Apples are definitely his favorite type of fruit as well.,219,HC,Apples,are,definitely,his,favorite,type,of,fruit,as,well.,,,,,,,178,fruit,8,Apples are definitely his favorite type of fruit as,3,9,1,7,HC219R3
The thirsty police officer could probably drink a gallon in Virginia.,223,MC,The,thirsty,police,officer,could,probably,drink,a,gallon,in,Virginia.,,,,,,122,gallon,9,The thirsty police officer could probably drink a gallon,2,9,2,7,MC223R2
"Her vision was terrible, and she has to wear glasses in class.",225,HC,Her,vision,was,"terrible,",and,she,has,to,wear,glasses,in,class.,,,,,44,glasses,10,"Her vision was terrible, and she has to wear",1,9,3,7,HC225R1
The trainee used the thick rubber gloves in the hospital.,229,MC,The,trainee,used,the,thick,rubber,gloves,in,the,hospital.,,,,,,,143,gloves,7,The trainee used the thick rubber gloves in,3,8,2,7,MC229R3
He knew that it was important to have a goal during the game.,233,LC,He,knew,that,it,was,important,to,have,a,goal,during,the,game.,,,,137,goal,10,He knew that it was important to have a goal,2,10,3,7,LC233R2
The miners were able to extract lots of iron and gold from India.,235,MC,The,miners,were,able,to,extract,lots,of,iron,and,gold,from,India.,,,,215,gold,11,The miners were able to extract lots of iron and,1,10,3,7,MC235R1
Timmy listened to hear if the men would say grace around the table.,239,LC,Timmy,listened,to,hear,if,the,men,would,say,grace,around,the,table.,,,,114,grace,10,Timmy listened to hear if the men would say grace around,3,11,2,7,LC239R3
On the mashed potatoes she poured a delicious gravy that tastes great.,240,HC,On,the,mashed,potatoes,she,poured,a,delicious,gravy,that,tastes,great.,,,,,31,gravy,9,On the mashed potatoes she poured a delicious gravy,2,9,3,7,HC240R2
The software was designed by a brilliant hacker living in San Bernardino.,245,LC,The,software,was,designed,by,a,brilliant,hacker,living,in,San,Bernardino.,,,,,18,hacker,8,The software was designed by a brilliant,1,7,5,7,LC245R1
The barber gave Brian a nice looking haircut with clean lines.,246,HC,The,barber,gave,Brian,a,nice,looking,haircut,with,clean,lines.,,,,,,84,haircut,8,The barber gave Brian a nice looking haircut with,3,9,2,7,HC246R3
"I couldn't finish writing, because there was something wrong with my hand at the office.",250,MC,I,couldn't,finish,"writing,",because,there,was,something,wrong,with,my,hand,at,the,office.,,191,hand,12,"I couldn't finish writing, because there was something wrong with my hand",2,12,3,7,MC250R2
The child couldn't carry the luggage because it was too heavy and bulky.,252,HC,The,child,couldn't,carry,the,luggage,because,it,was,too,heavy,and,bulky.,,,,67,heavy,11,The child couldn't carry the luggage because it was too,1,10,3,7,HC252R1
My brother got his teeth knocked out while trying to play hockey at school.,256,MC,My,brother,got,his,teeth,knocked,out,while,trying,to,play,hockey,at,school.,,,174,hockey,12,My brother got his teeth knocked out while trying to play hockey at,3,13,1,7,MC256R3
James didn't have enough money for the hook with the sharp point.,260,LC,James,didn't,have,enough,money,for,the,hook,with,the,sharp,point.,,,,,219,hook,8,James didn't have enough money for the hook,2,8,4,7,LC260R2
"Outside in the back yard, they needed a long hose with an attachment.",262,MC,Outside,in,the,back,"yard,",they,needed,a,long,hose,with,an,attachment.,,,,136,hose,10,"Outside in the back yard, they needed a long",1,9,4,7,MC262R1
The investment banker was supposed to meet his client at a nice hotel in town.,266,LC,The,investment,banker,was,supposed,to,meet,his,client,at,a,nice,hotel,in,town.,,131,hotel,13,The investment banker was supposed to meet his client at a nice hotel in,3,14,1,7,LC266R3
"After hours of brainstorming, they had run out of ideas to solve the problem.",267,HC,After,hours,of,"brainstorming,",they,had,run,out,of,ideas,to,solve,the,problem.,,,167,ideas,10,"After hours of brainstorming, they had run out of ideas",2,10,4,7,HC267R2
The shivering family was huddled in the shelter of a small igloo on a hill.,272,LC,The,shivering,family,was,huddled,in,the,shelter,of,a,small,igloo,on,a,hill.,,101,igloo,12,The shivering family was huddled in the shelter of a small,1,11,4,7,LC272R1
His green pen had just run out of ink in the office.,273,HC,His,green,pen,had,just,run,out,of,ink,in,the,office.,,,,,95,ink,9,His green pen had just run out of ink in,3,10,2,7,HC273R3
She brought the needle to inject some insulin to control her blood sugar.,277,MC,She,brought,the,needle,to,inject,some,insulin,to,control,her,blood,sugar.,,,,168,insulin,8,She brought the needle to inject some insulin,2,8,5,7,MC277R2
I smoothed out the wrinkled pants with the new iron in the bedroom.,279,HC,I,smoothed,out,the,wrinkled,pants,with,the,new,iron,in,the,bedroom.,,,,29,iron,10,I smoothed out the wrinkled pants with the new,1,9,4,7,HC279R1
The rescue workers recently found an old hermit living alone on the island in Bermuda.,283,MC,The,rescue,workers,recently,found,an,old,hermit,living,alone,on,the,island,in,Bermuda.,,183,island,13,The rescue workers recently found an old hermit living alone on the island in,3,14,1,7,MC283R3
"At Costco, she bought some crisp apples and lots of jelly made from raspberries.",287,LC,At,"Costco,",she,bought,some,crisp,apples,and,lots,of,jelly,made,from,raspberries.,,,111,jelly,11,"At Costco, she bought some crisp apples and lots of jelly",2,11,3,7,LC287R2
My husband was flipping the pancakes and I was pouring the juice at breakfast.,289,MC,My,husband,was,flipping,the,pancakes,and,I,was,pouring,the,juice,at,breakfast.,,,81,juice,12,My husband was flipping the pancakes and I was pouring the,1,11,3,7,MC289R1
"While running her errands, she forgot to take her keys with her.",293,LC,While,running,her,"errands,",she,forgot,to,take,her,keys,with,her.,,,,,212,keys,10,"While running her errands, she forgot to take her keys with",3,11,1,7,LC293R3
The curse could only be broken by her true love's first kiss on the lips.,294,HC,The,curse,could,only,be,broken,by,her,TRUE,love's,first,kiss,on,the,lips.,,132,kiss,12,The curse could only be broken by her true love's first kiss,2,12,3,7,HC294R2
"When my grandfather died, I inherited a silver knife that was valuable.",299,LC,When,my,grandfather,"died,",I,inherited,a,silver,knife,that,was,valuable.,,,,,112,knife,9,"When my grandfather died, I inherited a silver",1,8,4,7,LC299R1
The wide highway downtown has more than six lanes of traffic.,300,HC,The,wide,highway,downtown,has,more,than,six,lanes,of,traffic.,,,,,,43,lanes,9,The wide highway downtown has more than six lanes of,3,10,1,7,HC300R3
The coach of our team always made me laugh at work.,304,MC,The,coach,of,our,team,always,made,me,laugh,at,work.,,,,,,125,laugh,9,The coach of our team always made me laugh,2,9,2,7,MC304R2
The owner paid the children to mow the lawn in front of his house.,306,HC,The,owner,paid,the,children,to,mow,the,lawn,in,front,of,his,house.,,,92,lawn,9,The owner paid the children to mow the,1,8,6,7,HC306R1
"When he crashed his car, he decided to hire a lawyer right away.",310,MC,When,he,crashed,his,"car,",he,decided,to,hire,a,lawyer,right,away.,,,,49,lawyer,11,"When he crashed his car, he decided to hire a lawyer right",3,12,1,7,MC310R3
"For her project, she bought lots of black leather and tough fabric.",314,LC,For,her,"project,",she,bought,lots,of,black,leather,and,tough,fabric.,,,,,124,leather,9,"For her project, she bought lots of black leather",2,9,3,7,LC314R2
The breeze lifted all the leaves in front of his condo.,316,MC,The,breeze,lifted,all,the,leaves,in,front,of,his,condo.,,,,,,142,leaves,6,The breeze lifted all the,1,5,6,7,MC316R1
"When Peter got out of prison, everyone knew he was a liar with real issues.",320,LC,When,Peter,got,out,of,"prison,",everyone,knew,he,was,a,liar,with,real,issues.,,85,liar,12,"When Peter got out of prison, everyone knew he was a liar with",3,13,2,7,LC320R3
"Because it was overdue, Billy returned the book to the library down the street.",321,HC,Because,it,was,"overdue,",Billy,returned,the,book,to,the,library,down,the,street.,,,141,library,11,"Because it was overdue, Billy returned the book to the library",2,11,3,7,HC321R2
You can damage your vision if you keep staring at the light in the corner.,326,LC,You,can,damage,your,vision,if,you,keep,staring,at,the,light,in,the,corner.,,70,light,12,You can damage your vision if you keep staring at the,1,11,4,7,LC326R1
"Before meeting Brad, she put on black eyeliner and some red lipstick that looked nice.",327,HC,Before,meeting,"Brad,",she,put,on,black,eyeliner,and,some,red,lipstick,that,looked,nice.,,205,lipstick,12,"Before meeting Brad, she put on black eyeliner and some red lipstick that",3,13,2,7,HC327R3
The kid who was playing on the playground was very loud and annoying.,331,MC,The,kid,who,was,playing,on,the,playground,was,very,loud,and,annoying.,,,,12,loud,11,The kid who was playing on the playground was very loud,2,11,2,7,MC331R2
"He didn't eat breakfast, and he forgot to pack his lunch and his thermos.",333,HC,He,didn't,eat,"breakfast,",and,he,forgot,to,pack,his,lunch,and,his,thermos.,,,21,lunch,11,"He didn't eat breakfast, and he forgot to pack his",1,10,4,7,HC333R1
The forest fire was started by a single match which was surprising.,337,MC,The,forest,fire,was,started,by,a,single,match,which,was,surprising.,,,,,148,match,9,The forest fire was started by a single match which,3,10,2,7,MC337R3
Ben was always an excellent employee because he had a good memory since childhood.,341,LC,Ben,was,always,an,excellent,employee,because,he,had,a,good,memory,since,childhood.,,,22,memory,12,Ben was always an excellent employee because he had a good memory,2,12,2,7,LC341R2
The large jug held a lot of milk that looks fresh.,343,MC,The,large,jug,held,a,lot,of,milk,that,looks,fresh.,,,,,,33,milk,8,The large jug held a lot of,1,7,4,7,MC343R1
The scholars learned about the history of the mountain in the Adirondacks.,347,LC,The,scholars,learned,about,the,history,of,the,mountain,in,the,Adirondacks.,,,,,154,mountain,9,The scholars learned about the history of the mountain in,3,10,2,7,LC347R3
"After the body was discovered, our neighbor was arrested for murder and arson.",348,HC,After,the,body,was,"discovered,",our,neighbor,was,arrested,for,murder,and,arson.,,,,208,murder,11,"After the body was discovered, our neighbor was arrested for murder",2,11,2,7,HC348R2
"After arriving at the campus, he wanted to build some muscle real fast.",353,LC,After,arriving,at,the,"campus,",he,wanted,to,build,some,muscle,real,fast.,,,,53,muscle,11,"After arriving at the campus, he wanted to build some",1,10,3,7,LC353R1
"The burgers were messy, so he made sure to grab a napkin made of linen.",354,HC,The,burgers,were,"messy,",so,he,made,sure,to,grab,a,napkin,made,of,linen.,,34,napkin,12,"The burgers were messy, so he made sure to grab a napkin made",3,13,2,7,HC354R3
They decided to use the elevator because the stairwell was too narrow and cramped.,358,MC,They,decided,to,use,the,elevator,because,the,stairwell,was,too,narrow,and,cramped.,,,108,narrow,12,They decided to use the elevator because the stairwell was too narrow,2,12,2,7,MC358R2
"Of all the animals, the giraffe is known for its long neck and distinctive colors.",360,HC,Of,all,the,"animals,",the,giraffe,is,known,for,its,long,neck,and,distinctive,colors.,,211,neck,12,"Of all the animals, the giraffe is known for its long",1,11,4,7,HC360R1
The woman accidentally poked herself with the tip of the needle while quilting.,364,MC,The,woman,accidentally,poked,herself,with,the,tip,of,the,needle,while,quilting.,,,,193,needle,11,The woman accidentally poked herself with the tip of the needle while,3,12,1,7,MC364R3
"While cleaning up outside, Jerry had to throw away a nest made of twigs.",368,LC,While,cleaning,up,"outside,",Jerry,had,to,throw,away,a,nest,made,of,twigs.,,,207,nest,11,"While cleaning up outside, Jerry had to throw away a nest",2,11,3,7,LC368R2
The referee saw the ball roll under the net in the high school gym.,370,MC,The,referee,saw,the,ball,roll,under,the,net,in,the,high,school,gym.,,,54,net,9,The referee saw the ball roll under the,1,8,6,7,MC370R1
The student was going to get her degree at night in the city.,374,LC,The,student,was,going,to,get,her,degree,at,night,in,the,city.,,,,184,night,10,The student was going to get her degree at night in,3,11,2,7,LC374R3
Jack forgot about the cookies baking in the oven at home.,375,HC,Jack,forgot,about,the,cookies,baking,in,the,oven,at,home.,,,,,,86,oven,9,Jack forgot about the cookies baking in the oven,2,9,2,7,HC375R2
The celebrity showed signs of an overdose in the motel room.,380,LC,The,celebrity,showed,signs,of,an,overdose,in,the,motel,room.,,,,,,159,overdose,7,The celebrity showed signs of an,1,6,5,7,LC380R1
The artist dipped her brush into a fresh can of paint for the mural.,381,HC,The,artist,dipped,her,brush,into,a,fresh,can,of,paint,for,the,mural.,,,110,paint,11,The artist dipped her brush into a fresh can of paint for,3,12,2,7,HC381R3
"In all his chemistry classes, the student used a lot of paper for taking notes.",385,MC,In,all,his,chemistry,"classes,",the,student,used,a,lot,of,paper,for,taking,notes.,,72,paper,12,"In all his chemistry classes, the student used a lot of paper",2,12,3,7,MC385R2
"For my mother's birthday, we threw a huge party that made the neighbors angry.",387,HC,For,my,mother's,"birthday,",we,threw,a,huge,party,that,made,the,neighbors,angry.,,,202,party,9,"For my mother's birthday, we threw a huge",1,8,6,7,HC387R1
Tim had forgotten his mother's email address and password at some point.,391,MC,Tim,had,forgotten,his,mother's,email,address,and,password,at,some,point.,,,,,119,password,9,Tim had forgotten his mother's email address and password at,3,10,2,7,MC391R3
"Bill checked outside, but he didn't see the little pigs behind the house.",395,LC,Bill,checked,"outside,",but,he,didn't,see,the,little,pigs,behind,the,house.,,,,23,pigs,10,"Bill checked outside, but he didn't see the little pigs",2,10,3,7,LC395R2
My cousin usually kept her phone plugged in under her pillow in the bedroom.,397,MC,My,cousin,usually,kept,her,phone,plugged,in,under,her,pillow,in,the,bedroom.,,,52,pillow,11,My cousin usually kept her phone plugged in under her,1,10,4,7,MC397R1
"When we were told we had to evacuate, we listened to the pilot and copilot.",401,LC,When,we,were,told,we,had,to,"evacuate,",we,listened,to,the,pilot,and,copilot.,,26,pilot,13,"When we were told we had to evacuate, we listened to the pilot and",3,14,1,7,LC401R3
"The airport was crowded, and the passengers couldn't board the plane on the runway.",402,HC,The,airport,was,"crowded,",and,the,passengers,couldn't,board,the,plane,on,the,runway.,,,62,plane,11,"The airport was crowded, and the passengers couldn't board the plane",2,11,3,7,HC402R2
The small dagger that the soldier carried was covered with poison last night.,407,LC,The,small,dagger,that,the,soldier,carried,was,covered,with,poison,last,night.,,,,214,poison,11,The small dagger that the soldier carried was covered with,1,10,3,7,LC407R1
The gym won't let me swim in their heated pool after nightfall.,408,HC,The,gym,won't,let,me,swim,in,their,heated,pool,after,nightfall.,,,,,93,pool,10,The gym won't let me swim in their heated pool after,3,11,1,7,HC408R3
He opened up the oven to remove the baked potato that looked delicious.,412,MC,He,opened,up,the,oven,to,remove,the,baked,potato,that,looked,delicious.,,,,121,potato,10,He opened up the oven to remove the baked potato,2,10,3,7,MC412R2
The parents of the awarded athlete felt very proud of his hard work.,414,HC,The,parents,of,the,awarded,athlete,felt,very,proud,of,his,hard,work.,,,,15,proud,9,The parents of the awarded athlete felt very,1,8,5,7,HC414R1
The steam from her shower collected in a big puddle on the floor.,418,MC,The,steam,from,her,shower,collected,in,a,big,puddle,on,the,floor.,,,,145,puddle,10,The steam from her shower collected in a big puddle on,3,11,2,7,MC418R3
"When the detective arrived at the scene, he looked for a pulse and called 911.",422,LC,When,the,detective,arrived,at,the,"scene,",he,looked,for,a,pulse,and,called,911,,45,pulse,12,"When the detective arrived at the scene, he looked for a pulse",2,12,3,7,LC422R2
"For the pie, they bought a large pumpkin at the Farmer's market.",424,MC,For,the,"pie,",they,bought,a,large,pumpkin,at,the,Farmer's,market.,,,,,140,pumpkin,8,"For the pie, they bought a large",1,7,5,7,MC424R1
The neighborhood at the top of the tall hill was very quiet and peaceful.,428,LC,The,neighborhood,at,the,top,of,the,tall,hill,was,very,quiet,and,peaceful.,,,218,quiet,12,The neighborhood at the top of the tall hill was very quiet and,3,13,1,7,LC428R3
The tennis player firmly gripped the handle of his racket and swung.,429,HC,The,tennis,player,firmly,gripped,the,handle,of,his,racket,and,swung.,,,,,38,racket,10,The tennis player firmly gripped the handle of his racket,2,10,2,7,HC429R2
"Luckily, the old woman found lots of interesting programs on the radio that evening.",434,LC,"Luckily,",the,old,woman,found,lots,of,interesting,programs,on,the,radio,that,evening.,,,182,radio,12,"Luckily, the old woman found lots of interesting programs on the",1,11,3,7,LC434R1
She brought an umbrella to protect her from the rain and sleet.,435,HC,She,brought,an,umbrella,to,protect,her,from,the,rain,and,sleet.,,,,,13,rain,10,She brought an umbrella to protect her from the rain and,3,11,1,7,HC435R3
The homeowner was cleaning up the driveway using a rake earlier this afternoon.,439,MC,The,homeowner,was,cleaning,up,the,driveway,using,a,rake,earlier,this,afternoon.,,,,73,rake,10,The homeowner was cleaning up the driveway using a rake,2,10,3,7,MC439R2
"During her painful headache, she took a Tylenol to get some relief like we suggested.",441,HC,During,her,painful,"headache,",she,took,a,Tylenol,to,get,some,relief,like,we,suggested.,,94,relief,12,"During her painful headache, she took a Tylenol to get some",1,11,4,7,HC441R1
She used the pressure cooker to steam lots of rice on the counter.,445,MC,She,used,the,pressure,cooker,to,steam,lots,of,rice,on,the,counter.,,,,61,rice,10,She used the pressure cooker to steam lots of rice on,3,11,2,7,MC445R3
After receiving her paycheck she wanted to buy a ring with a big diamond.,449,LC,After,receiving,her,paycheck,she,wanted,to,buy,a,ring,with,a,big,diamond.,,,91,ring,10,After receiving her paycheck she wanted to buy a ring,2,10,4,7,LC449R2
The skilled cave explorer remembered to bring his flashlight and a rope made of nylon.,451,MC,The,skilled,cave,explorer,remembered,to,bring,his,flashlight,and,a,rope,made,of,nylon.,,90,rope,12,The skilled cave explorer remembered to bring his flashlight and a,1,11,4,7,MC451R1
The team had to work for hours to fix the tear in the sail after all.,455,LC,The,team,had,to,work,for,hours,to,fix,the,tear,in,the,sail,after,all.,46,sail,14,The team had to work for hours to fix the tear in the sail after,3,15,1,7,LC455R3
He bought the lettuce and croutons to make a salad for everyone.,456,HC,He,bought,the,lettuce,and,croutons,to,make,a,salad,for,everyone.,,,,,28,salad,10,He bought the lettuce and croutons to make a salad,2,10,2,7,HC456R2
John and his wife prepared for the annual sale which always attracted customers.,461,LC,John,and,his,wife,prepared,for,the,annual,sale,which,always,attracted,customers.,,,,161,sale,9,John and his wife prepared for the annual,1,8,5,7,LC461R1
"To educate the children, they built a new school by the river.",462,HC,To,educate,the,"children,",they,built,a,new,school,by,the,river.,,,,,58,school,9,"To educate the children, they built a new school by",3,10,2,7,HC462R3
"While visiting court, the priest read the ancient scroll from Germany.",466,MC,While,visiting,"court,",the,priest,read,the,ancient,scroll,from,Germany.,,,,,,74,scroll,9,"While visiting court, the priest read the ancient scroll",2,9,2,7,MC466R2
Susan forgot to put a period at the end of the sentence in the essay.,468,HC,Susan,forgot,to,put,a,period,at,the,end,of,the,sentence,in,the,essay.,,69,sentence,12,Susan forgot to put a period at the end of the,1,11,4,7,HC468R1
They fled in fear when the house started shaking all of a sudden.,472,MC,They,fled,in,fear,when,the,house,started,shaking,all,of,a,sudden.,,,,165,shaking,9,They fled in fear when the house started shaking all,3,10,3,7,MC472R3
"Earlier, the dock worker saw a beautiful white shark in the ocean.",476,LC,"Earlier,",the,dock,worker,saw,a,beautiful,white,shark,in,the,ocean.,,,,,42,shark,9,"Earlier, the dock worker saw a beautiful white shark",2,9,3,7,LC476R2
"She always worked quickly, and her tool was very sharp at the end.",478,MC,She,always,worked,"quickly,",and,her,tool,was,very,sharp,at,the,end.,,,,48,sharp,10,"She always worked quickly, and her tool was very",1,9,4,7,MC478R1
Sarah noticed the mouse on the shelf in the study.,482,LC,Sarah,noticed,the,mouse,on,the,shelf,in,the,study.,,,,,,,113,shelf,7,Sarah noticed the mouse on the shelf in,3,8,2,7,LC482R3
The warrior blocked the spear thrust with his large wooden shield covered in spikes.,483,HC,The,warrior,blocked,the,spear,thrust,with,his,large,wooden,shield,covered,in,spikes.,,,201,shield,11,The warrior blocked the spear thrust with his large wooden shield,2,11,3,7,HC483R2
The parents were worried about Jason because he was very short for his age.,488,LC,The,parents,were,worried,about,Jason,because,he,was,very,short,for,his,age.,,,63,short,11,The parents were worried about Jason because he was very,1,10,4,7,LC488R1
"When exiting the highway, they had trouble reading the small sign in the distance.",489,HC,When,exiting,the,"highway,",they,had,trouble,reading,the,small,sign,in,the,distance.,,,189,sign,11,"When exiting the highway, they had trouble reading the small sign in",3,12,2,7,HC489R3
When Dennis got closer to the intersection he heard the siren off in the distance.,493,MC,When,Dennis,got,closer,to,the,intersection,he,heard,the,siren,off,in,the,distance.,,200,siren,11,When Dennis got closer to the intersection he heard the siren,2,11,4,7,MC493R2
She was the youngest out of all her brothers and sisters at home.,495,HC,She,was,the,youngest,out,of,all,her,brothers,and,sisters,at,home.,,,,117,sisters,11,She was the youngest out of all her brothers and,1,10,3,7,HC495R1
The chemicals floating in the water can damage your skin quite badly.,499,MC,The,chemicals,floating,in,the,water,can,damage,your,skin,quite,badly.,,,,,198,skin,10,The chemicals floating in the water can damage your skin quite,3,11,1,7,MC499R3
All of us knew that Eric wouldn't want to sleep after all the commotion.,503,LC,All,of,us,knew,that,Eric,wouldn't,want,to,sleep,after,all,the,commotion.,,,188,sleep,10,All of us knew that Eric wouldn't want to sleep,2,10,4,7,LC503R2
They didn't buy the convertible because the engine was too small and unimpressive.,505,MC,They,didn't,buy,the,convertible,because,the,engine,was,too,small,and,unimpressive.,,,,9,small,11,They didn't buy the convertible because the engine was too,1,10,3,7,MC505R1
My little sister had never seen that type of snake in the jungle.,509,LC,My,little,sister,had,never,seen,that,type,of,snake,in,the,jungle.,,,,163,snake,10,My little sister had never seen that type of snake in,3,11,2,7,LC509R3
Germs are spread when people cough or sneeze around other people.,510,HC,Germs,are,spread,when,people,cough,or,sneeze,around,other,people.,,,,,,130,sneeze,8,Germs are spread when people cough or sneeze,2,8,3,7,HC510R2
He forgot to stock up on that type of soap yesterday afternoon.,515,LC,He,forgot,to,stock,up,on,that,type,of,soap,yesterday,afternoon.,,,,,138,soap,10,He forgot to stock up on that type of,1,9,3,7,LC515R1
The kids had lots of cavities because they drank soda all the time.,516,HC,The,kids,had,lots,of,cavities,because,they,drank,soda,all,the,time.,,,,192,soda,10,The kids had lots of cavities because they drank soda all,3,11,2,7,HC516R3
She spat out the fruit because it was too sour and tangy.,520,MC,She,spat,out,the,fruit,because,it,was,too,sour,and,tangy.,,,,,216,sour,10,She spat out the fruit because it was too sour,2,10,2,7,MC520R2
Lines of longitude go from the north to the south I think.,522,HC,Lines,of,longitude,go,from,the,north,to,the,south,I,think.,,,,,50,south,10,Lines of longitude go from the north to the,1,9,3,7,HC522R1
Hamilton didn't have the patience to sit through the long speech about slavery.,526,MC,Hamilton,didn't,have,the,patience,to,sit,through,the,long,speech,about,slavery.,,,,17,speech,11,Hamilton didn't have the patience to sit through the long speech about,3,12,1,7,MC526R3
The princess could not be awakened by the spell for some reason.,530,LC,The,princess,could,not,be,awakened,by,the,spell,for,some,reason.,,,,,186,spell,9,The princess could not be awakened by the spell,2,9,3,7,LC530R2
My older brother refused to touch the large spider on our porch.,532,MC,My,older,brother,refused,to,touch,the,large,spider,on,our,porch.,,,,,64,spider,9,My older brother refused to touch the large,1,8,4,7,MC532R1
At the flea market in Sacramento he bought a small metal spoon with a long handle.,536,LC,At,the,flea,market,in,Sacramento,he,bought,a,small,metal,spoon,with,a,long,handle.,139,spoon,12,At the flea market in Sacramento he bought a small metal spoon with,3,13,3,7,LC536R3
The creature was either an octopus or a giant squid with long tentacles.,537,HC,The,creature,was,either,an,octopus,or,a,giant,squid,with,long,tentacles.,,,,134,squid,10,The creature was either an octopus or a giant squid,2,10,3,7,HC537R2
"When we walked inside, we all saw Johnathan on the stage all by himself.",542,LC,When,we,walked,"inside,",we,all,saw,Johnathan,on,the,stage,all,by,himself.,,,109,stage,11,"When we walked inside, we all saw Johnathan on the",1,10,4,7,LC542R1
Even the professional dry cleaner wasn't able to remove the stain on his jacket.,543,HC,Even,the,professional,dry,cleaner,wasn't,able,to,remove,the,stain,on,his,jacket.,,,116,stain,11,Even the professional dry cleaner wasn't able to remove the stain on,3,12,2,7,HC543R3
The sticker was shaped like a star up in the sky.,547,MC,The,sticker,was,shaped,like,a,star,up,in,the,sky.,,,,,,220,star,7,The sticker was shaped like a star,2,7,4,7,MC547R2
"At the bar, the man sat on a stool in the corner.",549,HC,At,the,"bar,",the,man,sat,on,a,stool,in,the,corner.,,,,,164,stool,9,"At the bar, the man sat on a",1,8,4,7,HC549R1
The children weren't supposed to touch the stove in the kitchen.,553,MC,The,children,weren't,supposed,to,touch,the,stove,in,the,kitchen.,,,,,,27,stove,8,The children weren't supposed to touch the stove in,3,9,2,7,MC553R3
It's easy to recognize a piranha because of its stripes and markings.,557,LC,It's,easy,to,recognize,a,piranha,because,of,its,stripes,and,markings.,,,,,187,stripes,10,It's easy to recognize a piranha because of its stripes,2,10,2,7,LC557R2
"They had to hire the landscapers, to help them remove a stump beside the fence.",559,MC,They,had,to,hire,the,"landscapers,",to,help,them,remove,a,stump,beside,the,fence.,,7,stump,12,"They had to hire the landscapers, to help them remove a",1,11,4,7,MC559R1
I reminded my wife that we needed some more sugar and cinnamon.,563,LC,I,reminded,my,wife,that,we,needed,some,more,sugar,and,cinnamon.,,,,,199,sugar,10,I reminded my wife that we needed some more sugar and,3,11,1,7,LC563R3
"To look good at the funeral, he needed to buy a suit at Kohl's.",564,HC,To,look,good,at,the,"funeral,",he,needed,to,buy,a,suit,at,Kohl's.,,,120,suit,12,"To look good at the funeral, he needed to buy a suit",2,12,2,7,HC564R2
When their mother was home they could have brownies and tea on the back porch.,569,LC,When,their,mother,was,home,they,could,have,brownies,and,tea,on,the,back,porch.,,204,tea,11,When their mother was home they could have brownies and,1,10,5,7,LC569R1
The dentist was teaching Emma how to clean her teeth before bedtime.,570,HC,The,dentist,was,teaching,Emma,how,to,clean,her,teeth,before,bedtime.,,,,,80,teeth,10,The dentist was teaching Emma how to clean her teeth before,3,11,1,7,HC570R3
The kids at summer camp slept in the tent near the woods.,574,MC,The,kids,at,summer,camp,slept,in,the,tent,near,the,woods.,,,,,155,tent,9,The kids at summer camp slept in the tent,2,9,3,7,MC574R2
The pill I just swallowed is stuck in my throat which is uncomfortable.,576,HC,The,pill,I,just,swallowed,is,stuck,in,my,throat,which,is,uncomfortable.,,,,88,throat,10,The pill I just swallowed is stuck in my,1,9,4,7,HC576R1
He had difficulty speaking because he had a broken tooth that was infected.,580,MC,He,had,difficulty,speaking,because,he,had,a,broken,tooth,that,was,infected.,,,,82,tooth,10,He had difficulty speaking because he had a broken tooth that,3,11,2,7,MC580R3
Joan and her decorator decided to add a large tree in the front yard.,584,LC,Joan,and,her,decorator,decided,to,add,a,large,tree,in,the,front,yard.,,,71,tree,10,Joan and her decorator decided to add a large tree,2,10,4,7,LC584R2
The fugitive hid from the police in the back of the truck in the garage.,586,MC,The,fugitive,hid,from,the,police,in,the,back,of,the,truck,in,the,garage.,,41,truck,12,The fugitive hid from the police in the back of the,1,11,4,7,MC586R1
The police officer was unsure if he could find the truth about Sarah.,590,LC,The,police,officer,was,unsure,if,he,could,find,the,truth,about,Sarah.,,,,19,truth,11,The police officer was unsure if he could find the truth about,3,12,1,7,LC590R3
Elephants are often hunted for the ivory in their tusks before nightfall.,591,HC,Elephants,are,often,hunted,for,the,ivory,in,their,tusks,before,nightfall.,,,,,118,tusks,10,Elephants are often hunted for the ivory in their tusks,2,10,2,7,HC591R2
The house sits between two shops in a valley somewhere in Colorado.,596,LC,The,house,sits,between,two,shops,in,a,valley,somewhere,in,Colorado.,,,,,156,valley,9,The house sits between two shops in a,1,8,4,7,LC596R1
"At the ice cream shop, Jen asked for both chocolate and vanilla which is his favorite.",597,HC,At,the,ice,cream,"shop,",Jen,asked,for,both,chocolate,and,vanilla,which,is,his,favorite.,40,vanilla,12,"At the ice cream shop, Jen asked for both chocolate and vanilla which",3,13,3,7,HC597R3
The collector of Chinese artifacts had just acquired the expensive vase made of porcelain.,601,MC,The,collector,of,Chinese,artifacts,had,just,acquired,the,expensive,vase,made,of,porcelain.,,,104,vase,11,The collector of Chinese artifacts had just acquired the expensive vase,2,11,3,7,MC601R2
The bride covered her face with a veil made of silk.,603,HC,The,bride,covered,her,face,with,a,veil,made,of,silk.,,,,,,103,veil,8,The bride covered her face with a,1,7,4,7,HC603R1
"Before the cameras started rolling, the actress suddenly lost her voice and couldn't speak.",607,MC,Before,the,cameras,started,"rolling,",the,actress,suddenly,lost,her,voice,and,couldn't,speak.,,,160,voice,11,"Before the cameras started rolling, the actress suddenly lost her voice and",3,12,2,7,MC607R3
"On some campuses, many of the students don't want to vote for some reason.",611,LC,On,some,"campuses,",many,of,the,students,don't,want,to,vote,for,some,reason.,,,87,vote,11,"On some campuses, many of the students don't want to vote",2,11,3,7,LC611R2
Kathy decided not to invite her uncle to the wedding for some reason.,613,MC,Kathy,decided,not,to,invite,her,uncle,to,the,wedding,for,some,reason.,,,,68,wedding,10,Kathy decided not to invite her uncle to the,1,9,4,7,MC613R1
He doesn't run very often because he hates getting wet out there.,617,LC,He,doesn't,run,very,often,because,he,hates,getting,wet,out,there.,,,,,127,wet,10,He doesn't run very often because he hates getting wet out,3,11,1,7,LC617R3
The referee was blowing on his whistle during the soccer game.,618,HC,The,referee,was,blowing,on,his,whistle,during,the,soccer,game.,,,,,,76,whistle,7,The referee was blowing on his whistle,2,7,4,7,HC618R2
"At the market, he bought a new type of wine from France.",623,LC,At,the,"market,",he,bought,a,new,type,of,wine,from,France.,,,,,60,wine,10,"At the market, he bought a new type of",1,9,3,7,LC623R1
"Then, the genie granted his third and final wish from the lamp.",624,HC,"Then,",the,genie,granted,his,third,and,final,wish,from,the,lamp.,,,,,77,wish,9,"Then, the genie granted his third and final wish from",3,10,2,7,HC624R3
For Halloween that year she decided to dress up as a witch after all.,628,MC,For,Halloween,that,year,she,decided,to,dress,up,as,a,witch,after,all.,,,78,witch,12,For Halloween that year she decided to dress up as a witch,2,12,2,7,MC628R2
At the sawmill they slice logs into long planks of wood with smooth edges.,630,HC,At,the,sawmill,they,slice,logs,into,long,planks,of,wood,with,smooth,edges.,,,179,wood,11,At the sawmill they slice logs into long planks of,1,10,4,7,HC630R1
The elderly shepherd sold a large amount of wool that was very warm.,634,MC,The,elderly,shepherd,sold,a,large,amount,of,wool,that,was,very,warm.,,,,129,wool,9,The elderly shepherd sold a large amount of wool that,3,10,3,7,MC634R3
"During his stay, the visitor only used a single word the entire time.",638,LC,During,his,"stay,",the,visitor,only,used,a,single,word,the,entire,time.,,,,115,word,10,"During his stay, the visitor only used a single word",2,10,3,7,LC638R2
The old woman was collecting different colors of yarn at the market.,640,MC,The,old,woman,was,collecting,different,colors,of,yarn,at,the,market.,,,,,56,yarn,9,The old woman was collecting different colors of,1,8,4,7,MC640R1
"Apparently, because James didn't have a pen, he couldn't sign his yearbook after graduation.",644,LC,"Apparently,",because,James,didn't,have,a,"pen,",he,couldn't,sign,his,yearbook,after,graduation.,,,170,yearbook,12,"Apparently, because James didn't have a pen, he couldn't sign his yearbook after",3,13,1,7,LC644R3
"To see the exotic animals, we took the children to the zoo in San Diego.",645,HC,To,see,the,exotic,"animals,",we,took,the,children,to,the,zoo,in,San,Diego.,,6,zoo,12,"To see the exotic animals, we took the children to the zoo",2,12,3,7,HC645R2
